10D,0
10C,1384
104,45
105,20
20,0,48,60
21,-42,-4,-28
24,1491
10D,0
10C,1375
104,46
20,0,47,60
21,0,-3,0
24,1485
10D,0
10C,1367
104,47
20,0,47,59
21,-32,-4,-9
24,1488
10D,0
10C,1368
104,47
105,20
20,0,47,58
21,-31,-3,-24
24,1483
10D,0
10C,1358
104,47
20,0,47,59
21,-3,3,-16
24,1479
10D,0
10C,1379
104,45
20,0,48,60
21,-2,-15,-9
24,1490
10D,0
10C,1376
104,45
105,20
20,1,48,59
21,-34,-13,-24
24,1488
10D,0
10C,1372
104,47
20,0,48,59
21,-12,-9,-6
24,1484
10D,0
10C,1367
104,47
20,1,47,60
21,-26,-8,-16
24,1489
10D,0
10C,1364
104,47
105,20
20,1,47,62
21,4,6,-31
24,1489
10D,0
10C,1372
104,47
20,0,46,59
21,-30,-9,-8
24,1487
10D,0
10C,1386
104,46
20,0,47,59
21,0,-7,-19
24,1496
10D,0
10C,1377
104,46
105,20
20,0,47,59
21,-13,-3,-12
24,1495
10D,0
10C,1385
104,46
20,0,48,57
21,-45,-9,6
24,1487
10D,0
10C,1380
104,45
20,1,47,62
21,9,-22,-16
24,1494
10D,0
10C,1378
104,47
105,21
20,0,47,61
21,-6,-10,-12
24,1496
10D,0
10C,1374
104,45
20,0,47,60
21,-17,0,-19
24,1490
10D,0
10C,1381
104,46
20,0,47,58
21,-8,-3,7
24,1490
10D,0
10C,1384
104,46
105,21
20,0,48,59
21,-9,0,-8
24,1492
10D,0
10C,1382
104,46
20,0,48,57
21,-45,-22,-19
24,1495
10D,0
10C,1371
104,46
20,0,47,60
21,8,-8,-19
24,1491
10D,0
10C,1387
104,45
105,21
20,1,48,59
21,7,-3,-16
24,1482
10D,0
10C,1375
104,47
20,0,46,60
21,-19,9,-5
24,1493
10D,0
10C,1353
104,47
20,1,47,60
21,-32,-8,1
24,1495
10D,0
10C,1354
104,47
105,21
20,0,49,58
21,-33,-13,1
24,1494
10D,0
10C,1346
104,46
20,0,48,58
21,4,-6,12
24,1489
10D,0
10C,1336
104,47
20,0,47,57
21,23,-14,0
24,1489
10D,0
10C,1359
104,47
105,21
20,0,47,60
21,-17,-4,-13
24,1487
10D,0
10C,1349
104,47
20,0,47,59
21,6,0,-4
24,1492
10D,0
10C,1346
104,47
20,0,47,61
21,-4,-6,-12
24,1491
10D,0
10C,1350
104,46
105,21
20,0,48,58
21,-45,0,0
24,1492
10D,0
10C,1343
104,47
20,0,47,59
21,-22,3,6
24,1493
10D,0
10C,1341
104,47
20,0,48,59
21,-53,0,-22
24,1492
10D,0
10C,1329
104,47
105,21
20,0,47,59
21,-32,-3,4
24,1492
10D,0
10C,1315
104,48
20,0,47,58
21,-28,6,0
24,1494
10D,0
10C,1322
104,47
20,0,48,59
21,-9,-22,-3
24,1492
10D,0
10C,1342
104,48
105,21
20,0,48,57
21,-9,-1,-12
24,1490
10D,0
10C,1322
104,47
20,0,47,61
21,24,-13,-9
24,1487
10D,0
10C,1321
104,47
20,0,47,58
21,-5,5,-9
24,1495
10D,0
10C,1309
104,48
105,21
20,0,47,58
21,33,-5,-13
24,1493
10D,0
10C,1292
104,48
20,0,49,58
21,10,-6,3
24,1488
10D,0
10C,1307
104,48
20,0,48,61
21,-36,13,-13
24,1488
10D,0
10C,1291
104,48
105,21
20,0,48,59
21,-15,-14,-6
24,1494
10D,0
10C,1285
104,48
20,0,47,62
21,-43,-6,-7
24,1488
10D,0
10C,1292
104,48
20,0,47,58
21,19,-2,-6
24,1494
10D,0
10C,1290
104,47
105,21
20,0,48,61
21,-18,-3,-13
24,1491
10D,0
10C,1274
104,47
20,0,48,60
21,-36,-6,-6
24,1491
10D,0
10C,1272
104,49
20,0,48,58
21,-5,-3,-16
24,1494
10D,0
10C,1264
104,49
105,21
20,0,47,61
21,12,-6,2
24,1489
10D,0
10C,1255
104,49
20,0,47,60
21,-11,0,-15
24,1497
10D,0
10C,1276
104,49
20,0,48,61
21,-54,-9,-1
24,1497
10D,0
10C,1273
104,49
105,22
20,0,47,60
21,9,-21,-22
24,1491
10D,0
10C,1269
104,49
20,0,47,59
21,-14,-10,-16
24,1487
10D,0
10C,1248
104,48
20,2,47,58
21,4,2,16
24,1487
10D,0
10C,1222
104,49
105,22
20,1,47,61
21,4,3,-2
24,1493
10D,0
10C,1219
104,49
20,0,47,59
21,-16,-7,0
24,1488
10D,0
10C,1223
104,49
20,0,48,59
21,-20,-3,0
24,1490
10D,0
10C,1236
104,49
105,22
20,0,47,59
21,-5,-6,-22
24,1484
10D,0
10C,1231
104,47
20,0,48,58
21,22,-4,-1
24,1487
10D,0
10C,1213
104,47
20,0,48,60
21,-25,0,-13
24,1493
10D,0
10C,1214
104,47
105,22
20,0,48,61
21,0,-16,-10
24,1493
10D,0
10C,1207
104,47
20,0,47,59
21,-5,0,-5
24,1484
10D,0
10C,1204
104,47
20,0,48,59
21,-36,0,-19
24,1496
10D,0
10C,1216
104,46
105,22
20,0,47,60
21,-9,6,-19
24,1494
10D,0
10C,1214
104,45
20,0,48,61
21,-6,-6,-1
24,1492
10D,0
10C,1194
104,45
20,0,47,61
21,-13,-2,-4
24,1493
10D,0
10C,1181
104,44
105,22
20,0,48,59
21,0,3,-3
24,1492
10D,0
10C,1199
104,44
20,0,49,59
21,-28,2,1
24,1488
10D,0
10C,1200
104,44
20,0,48,60
21,3,-14,-22
24,1494
10D,0
10C,1184
104,43
105,22
20,1,47,61
21,18,-7,-6
24,1497
10D,0
10C,1181
104,43
20,-1,47,61
21,-9,-6,-6
24,1489
10D,0
10C,1183
104,42
20,0,48,58
21,-16,-2,-22
24,1493
10D,0
10C,1189
104,41
105,23
20,0,49,59
21,-35,0,-12
24,1493
10D,0
10C,1175
104,42
20,0,47,60
21,-10,0,-14
24,1492
10D,0
10C,1175
104,41
20,0,48,62
21,11,-6,-7
24,1487
10D,0
10C,1163
104,40
105,23
20,1,48,61
21,-11,-3,-16
24,1481
10D,0
10C,1151
104,41
20,-1,47,61
21,0,-2,0
24,1481
10D,0
10C,1139
104,40
20,0,48,60
21,9,-2,-12
24,1489
10D,0
10C,1150
104,40
105,23
20,0,48,61
21,-12,-1,0
24,1488
10D,0
10C,1140
104,40
20,-1,47,62
21,3,8,-17
24,1489
10D,0
10C,1138
104,39
20,0,48,61
21,12,1,-3
24,1482
10D,0
10C,1124
104,39
105,23
20,0,48,59
21,-12,2,-14
24,1487
10D,0
10C,1126
104,38
20,0,48,60
21,3,-9,-3
24,1488
10D,0
10C,1136
104,38
20,0,47,60
21,5,6,-15
24,1488
10D,0
10C,1129
104,38
105,23
20,0,47,60
21,1,9,-6
24,1492
10D,0
10C,1109
104,38
20,1,48,60
21,0,3,-12
24,1497
10D,0
10C,1100
104,37
20,0,48,60
21,-10,-5,-6
24,1485
10D,0
10C,1103
104,37
105,23
20,0,48,59
21,-24,-3,12
24,1491
10D,0
10C,1082
104,37
20,0,48,59
21,-16,-9,-21
24,1494
10D,0
10C,1072
104,36
20,0,47,61
21,7,-3,-11
24,1486
10D,0
10C,1083
104,37
105,24
20,0,47,61
21,4,10,-6
24,1492
10D,0
10C,1076
104,36
20,0,48,58
21,-27,0,6
24,1485
10D,0
10C,1076
104,36
20,0,48,59
21,-22,-3,-8
24,1498
10D,0
10C,1079
104,35
105,24
20,0,49,59
21,-37,-6,-15
24,1488
10D,0
10C,1059
104,34
20,0,48,58
21,-33,1,2
24,1490
10D,0
10C,1060
104,35
20,0,48,59
21,-28,-5,-11
24,1487
10D,0
10C,1057
104,34
105,24
20,0,48,57
21,-61,4,-13
24,1494
10D,0
10C,1053
104,34
20,1,47,61
21,-2,-4,3
24,1497
10D,0
10C,1059
104,34
20,0,48,60
21,12,-6,-21
24,1495
10D,0
10C,1049
104,34
105,24
20,0,48,58
21,-39,-4,-6
24,1490
10D,0
10C,1035
104,34
20,0,48,60
21,9,-10,-1
24,1495
10D,0
10C,1037
104,33
20,0,48,59
21,-32,4,-12
24,1491
10D,0
10C,1020
104,34
105,24
20,0,47,59
21,-30,9,-9
24,1493
10D,0
10C,1030
104,33
20,0,47,61
21,18,2,-11
24,1495
10D,0
10C,1022
104,34
20,0,47,59
21,3,3,8
24,1486
10D,0
10C,1020
104,33
105,25
20,0,48,60
21,-17,6,-9
24,1493
10D,0
10C,1026
104,34
20,0,48,57
21,-48,6,-8
24,1494
10D,0
10C,1024
104,34
20,1,48,61
21,3,-24,-25
24,1487
10D,0
10C,1009
104,34
105,25
20,0,48,60
21,-5,4,-4
24,1487
10D,0
10C,1013
104,34
20,-1,47,60
21,-18,-6,-9
24,1496
10D,0
10C,1000
104,33
20,1,49,59
21,-25,-4,-9
24,1494
10D,0
10C,1002
104,33
105,25
20,1,48,59
21,-7,3,-5
24,1487
10D,0
10C,990
104,34
20,0,47,61
21,7,-13,0
24,1487
10D,0
10C,985
104,34
20,0,48,59
21,-22,-6,4
24,1495
10D,0
10C,990
104,34
105,25
20,0,48,60
21,-35,1,-9
24,1495
10D,0
10C,973
104,34
20,1,48,59
21,-11,3,-2
24,1497
10D,0
10C,972
104,33
20,0,49,59
21,-9,0,-6
24,1485
10D,0
10C,964
104,34
105,25
20,0,48,59
21,-49,0,-3
24,1489
10D,0
10C,966
104,33
20,0,48,59
21,-41,1,-16
24,1492
10D,0
10C,961
104,33
20,0,49,59
21,-26,3,0
24,1492
10D,0
10C,964
104,33
105,26
20,0,47,59
21,-4,-2,1
24,1490
10D,0
10C,944
104,34
20,0,47,61
21,6,0,-15
24,1487
10D,0
10C,942
104,34
20,1,48,61
21,16,6,-22
24,1494
10D,0
10C,943
104,34
105,26
20,0,48,62
21,20,2,-6
24,1492
10D,0
10C,925
104,35
20,0,49,60
21,-3,12,-17
24,1495
10D,0
10C,932
104,34
20,0,49,57
21,-57,-14,-1
24,1495
10D,0
10C,927
104,35
105,26
20,0,48,61
21,1,4,-12
24,1494
10D,0
10C,929
104,34
20,0,49,58
21,12,20,-13
24,1496
10D,0
10C,926
104,35
20,1,48,59
21,-6,-7,-6
24,1488
10D,0
10C,909
104,35
105,26
20,0,48,59
21,-7,11,-4
24,1494
10D,0
10C,906
104,34
20,0,48,60
21,-40,-16,-14
24,1486
10D,0
10C,900
104,34
20,0,48,60
21,10,12,0
24,1493
10D,0
10C,905
104,34
105,27
20,1,48,60
21,1,13,-13
24,1495
10D,0
10C,895
104,34
20,0,48,59
21,-17,-11,-6
24,1486
10D,0
10C,899
104,35
20,0,49,60
21,9,9,-4
24,1492
10D,0
10C,887
104,36
105,27
20,1,48,61
21,-25,-16,-27
24,1494
10D,0
10C,869
104,35
20,0,48,60
21,-6,-4,1
24,1494
10D,0
10C,880
104,35
20,0,49,59
21,-30,2,5
24,1488
10D,0
10C,879
104,35
105,27
20,0,48,62
21,12,14,5
24,1487
10D,0
10C,863
104,34
20,0,48,61
21,-1,0,6
24,1489
10D,0
10C,870
104,36
20,0,48,61
21,16,14,22
24,1491
10D,0
10C,863
104,36
105,27
20,0,47,62
21,17,6,9
24,1492
10D,0
10C,864
104,34
20,0,48,59
21,-9,3,6
24,1492
10D,0
10C,857
104,35
20,0,48,59
21,-40,9,-9
24,1491
10D,0
10C,867
104,33
105,28
20,0,48,59
21,-34,-3,-7
24,1494
10D,0
10C,855
104,34
20,0,48,61
21,-12,-2,-5
24,1502
10D,0
10C,849
104,34
20,0,48,59
21,-12,21,5
24,1489
10D,0
10C,851
104,34
105,28
20,0,48,60
21,12,6,-3
24,1488
10D,0
10C,847
104,34
20,0,48,59
21,-41,-16,-13
24,1490
10D,0
10C,851
104,34
20,0,48,59
21,-6,0,-11
24,1486
10D,0
10C,841
104,33
105,28
20,0,48,58
21,-43,-18,-25
24,1492
10D,0
10C,825
104,35
20,0,48,58
21,2,-4,2
24,1495
10D,0
10C,826
104,35
20,0,48,58
21,-2,9,-3
24,1487
10D,0
10C,835
104,35
105,28
20,1,49,58
21,-6,0,0
24,1487
10D,0
10C,819
104,35
20,0,48,60
21,22,5,-3
24,1487
10D,0
10C,826
104,35
20,0,47,62
21,38,16,5
24,1486
10D,0
10C,820
104,34
105,29
20,0,48,59
21,12,2,-2
24,1485
10D,0
10C,807
104,34
20,0,48,57
21,-39,-3,-10
24,1480
10D,0
10C,798
104,36
20,0,48,58
21,-57,-11,-23
24,1488
10D,0
10C,793
104,35
105,29
20,0,49,58
21,-46,-11,-9
24,1487
10D,0
10C,774
104,35
20,0,49,57
21,-33,-11,-9
24,1495
10D,0
10C,778
104,35
20,0,48,59
21,-22,6,1
24,1499
10D,0
10C,783
104,35
105,29
20,0,49,59
21,-61,-6,-19
24,1490
10D,0
10C,786
104,35
20,0,48,61
21,-373,-5,-77
24,1500
10D,0
10C,781
104,35
20,0,45,62
21,-41,-3,-18
24,1500
10D,0
10C,780
104,35
105,29
20,0,45,63
21,-111,6,-19
24,1500
10D,0
10C,772
104,35
20,0,44,64
21,50,11,-9
24,1489
10D,0
10C,783
104,35
20,0,44,65
21,76,7,-7
24,1489
10D,0
10C,777
104,35
105,29
20,0,47,63
21,71,8,0
24,1499
10D,0
10C,777
104,35
20,0,47,60
21,-45,3,-14
24,1487
10D,0
10C,780
104,35
20,0,46,61
21,-32,3,-11
24,1492
10D,0
10C,785
104,35
105,30
20,-1,38,75
21,-3008,-97,-1608
24,1487
10D,0
10C,770
104,35
20,-1,35,73
21,152,22,-6
24,1498
10D,0
10C,779
104,35
20,-1,37,69
21,827,15,-38
24,1490
10D,0
10C,770
104,34
105,30
20,-1,41,67
21,2554,47,90
24,1497
10D,0
10C,788
104,35
20,-1,43,67
21,196,21,-30
24,1488
10D,0
10C,784
104,35
20,-2,45,62
21,43,4,-16
24,1496
10D,0
10C,784
104,34
105,30
20,0,44,64
21,51,13,-12
24,1498
10D,0
10C,779
104,35
20,-1,43,66
21,7,0,-13
24,1487
10D,0
10C,775
104,35
20,-2,46,62
21,-9,-3,-15
24,1490
10D,0
10C,781
104,34
105,30
20,-1,46,62
21,-48,12,-4
24,1490
10D,0
10C,776
104,35
20,-2,44,65
21,56,14,-10
24,1491
10D,0
10C,783
104,35
20,-1,44,65
21,-10,2,-27
24,1493
10D,0
10C,786
104,34
105,30
20,-1,45,64
21,-23,3,-16
24,1489
10D,0
10C,784
104,35
20,-1,45,64
21,-43,12,-12
24,1495
10D,0
10C,775
104,35
20,-1,45,65
21,-25,7,-3
24,1494
10D,0
10C,785
104,35
105,31
20,-1,44,66
21,-41,-2,0
24,1487
10D,0
10C,764
104,35
20,-2,47,60
21,-50,6,-5
24,1495
10D,0
10C,774
104,35
20,-1,46,63
21,-87,8,-2
24,1499
10D,0
10C,778
104,35
105,31
20,-1,44,66
21,-84,-6,-4
24,1496
10D,0
10C,773
104,36
20,-1,45,64
21,-4,13,12
24,1496
10D,0
10C,776
104,34
20,-1,44,66
21,-31,9,-6
24,1488
10D,0
10C,777
104,35
105,31
20,-2,45,63
21,6,2,-11
24,1495
10D,0
10C,776
104,35
20,0,44,66
21,-7,11,-14
24,1492
10D,0
10C,778
104,35
20,-1,44,66
21,-74,6,-6
24,1495
10D,0
10C,782
104,34
105,31
20,-1,46,61
21,-16,6,-9
24,1500
10D,0
10C,776
104,35
20,-1,44,66
21,-31,12,-3
24,1494
10D,0
10C,779
104,35
20,-2,44,66
21,-83,0,0
24,1494
10D,0
10C,775
104,34
105,31
20,-1,45,65
21,-32,-3,-8
24,1494
10D,0
10C,780
104,35
20,-1,46,62
21,-48,-3,-14
24,1492
10D,0
10C,775
104,35
20,-1,46,63
21,-38,-11,-12
24,1497
10D,0
10C,778
104,35
105,32
20,-1,45,63
21,26,9,-9
24,1487
10D,0
10C,777
104,35
20,-1,44,65
21,-4,-2,-6
24,1491
10D,0
10C,777
104,35
20,-1,46,63
21,-44,12,-6
24,1492
10D,0
10C,775
104,35
105,32
20,-1,44,64
21,-16,-11,-11
24,1492
10D,0
10C,775
104,35
20,-4,45,64
21,91,2,-54
24,1489
10D,0
10C,777
104,34
20,0,45,66
21,-52,7,-6
24,1496
10D,0
10C,777
104,34
105,32
20,-1,46,62
21,-10,1,-9
24,1495
10D,0
10C,781
104,34
20,0,44,67
21,-42,-3,-9
24,1489
10D,0
10C,776
104,35
20,-1,47,60
21,35,15,-7
24,1497
10D,0
10C,783
104,34
105,32
20,-1,45,62
21,55,6,-19
24,1495
10D,0
10C,777
104,34
20,-2,46,61
21,-13,6,-24
24,1495
10D,0
10C,781
104,34
20,-1,44,64
21,-16,1,-12
24,1495
10D,0
10C,778
104,34
105,32
20,-2,46,61
21,46,17,-14
24,1497
10D,0
10C,781
104,34
20,-1,46,63
21,25,11,-5
24,1497
10D,0
10C,785
104,35
20,-1,44,65
21,-52,-2,6
24,1495
10D,0
10C,778
104,36
105,32
20,0,45,69
21,-731,-13,273
24,1492
10D,0
10C,772
104,35
20,-1,42,66
21,35,6,-6
24,1486
10D,0
10C,767
104,35
20,0,41,69
21,-12,8,8
24,1495
10D,0
10C,782
104,35
105,33
20,0,42,67
21,-81,0,-19
24,1486
10D,0
10C,784
104,35
20,-1,43,71
21,-794,-3,47
24,1495
10D,0
10C,776
104,34
20,0,40,69
21,-12,27,-16
24,1500
10D,0
10C,774
104,34
105,33
20,-1,41,68
21,-12,13,-6
24,1484
10D,0
10C,788
104,35
20,0,40,71
21,-21,-9,-1
24,1481
10D,0
10C,779
104,35
20,0,42,68
21,-32,4,-3
24,1484
10D,0
10C,782
104,34
105,33
20,-1,40,70
21,-12,3,9
24,1490
10D,0
10C,772
104,35
20,0,40,71
21,-14,-6,0
24,1484
10D,0
10C,778
104,34
20,0,41,68
21,0,3,-9
24,1489
10D,0
10C,782
104,36
105,33
20,0,40,69
21,-2,4,-4
24,1497
10D,0
10C,783
104,34
20,0,40,71
21,8,12,-21
24,1481
10D,0
10C,767
104,35
20,0,41,67
21,-53,6,-16
24,1486
10D,0
10C,779
104,35
105,33
20,0,41,69
21,-50,2,-28
24,1483
10D,0
10C,777
104,35
20,0,41,69
21,-27,2,-6
24,1489
10D,0
10C,778
104,34
20,0,40,69
21,0,7,-3
24,1484
10D,0
10C,783
104,35
105,33
20,0,40,70
21,-26,9,-1
24,1492
10D,0
10C,776
104,34
20,0,41,67
21,-22,0,-14
24,1496
10D,0
10C,778
104,35
20,-1,40,70
21,-33,-9,-14
24,1493
10D,0
10C,771
104,35
105,34
20,0,42,67
21,-40,-6,-28
24,1493
10D,0
10C,781
104,34
20,-1,41,81
21,-1499,3,80
24,1487
10D,0
10C,780
104,34
20,0,37,73
21,-110,-9,1
24,1493
10D,0
10C,784
104,34
105,34
20,0,35,75
21,25,4,-1
24,1487
10D,0
10C,779
104,35
20,0,35,76
21,-103,-1,16
24,1484
10D,0
10C,767
104,35
20,0,36,71
21,-279,1,43
24,1491
10D,0
10C,775
104,34
105,34
20,-1,36,69
21,90,-3,-6
24,1488
10D,0
10C,772
104,35
20,0,35,75
21,21,1,-3
24,1491
10D,0
10C,776
104,34
20,0,36,73
21,-77,-7,-33
24,1488
10D,0
10C,786
104,35
105,34
20,0,37,72
21,28,0,-15
24,1494
10D,0
10C,788
104,34
20,0,37,73
21,-45,-5,-12
24,1484
10D,0
10C,789
104,35
20,0,36,74
21,9,9,-10
24,1488
10D,0
10C,780
104,34
105,34
20,0,36,74
21,33,6,-5
24,1491
10D,0
10C,780
104,34
20,0,35,74
21,0,6,-1
24,1485
10D,0
10C,778
104,34
20,0,36,74
21,21,-6,-6
24,1495
10D,0
10C,780
104,34
105,34
20,0,36,74
21,-10,13,-16
24,1490
10D,0
10C,777
104,35
20,0,37,72
21,-12,4,-3
24,1494
10D,0
10C,781
104,34
20,0,36,73
21,1008,9,-53
24,1487
10D,0
10C,777
104,35
105,34
20,-1,41,70
21,41,-5,-20
24,1488
10D,0
10C,777
104,34
20,0,40,69
21,27,15,-9
24,1491
10D,0
10C,782
104,35
20,0,42,67
21,-45,3,-14
24,1496
10D,0
10C,786
104,35
105,35
20,-1,41,66
21,-74,6,-32
24,1494
10D,0
10C,779
104,34
20,0,39,68
21,251,6,18
24,1493
10D,0
10C,778
104,34
20,0,43,66
21,-3,-6,-15
24,1495
10D,0
10C,791
104,34
105,35
20,0,41,68
21,12,10,0
24,1498
10D,0
10C,783
104,34
20,0,44,66
21,-28,2,-12
24,1493
10D,0
10C,785
104,34
20,0,42,69
21,-17,-4,-6
24,1487
10D,0
10C,779
104,34
105,35
20,0,40,70
21,-5,8,-6
24,1486
10D,0
10C,781
104,34
20,0,42,68
21,-78,4,-2
24,1492
10D,0
10C,785
104,34
20,0,43,69
21,-201,4,6
24,1495
10D,0
10C,782
104,34
105,35
20,0,41,67
21,-57,12,-19
24,1497
10D,0
10C,780
104,34
20,0,40,69
21,0,3,0
24,1491
10D,0
10C,780
104,34
20,0,40,69
21,6,-4,-1
24,1495
10D,0
10C,787
104,34
105,35
20,0,38,72
21,28,3,-2
24,1495
10D,0
10C,781
104,34
20,0,42,68
21,-48,-4,-16
24,1496
10D,0
10C,783
104,34
20,0,39,72
21,-8,0,-11
24,1491
10D,0
10C,781
104,34
105,35
20,0,41,67
21,-34,-3,-13
24,1492
10D,0
10C,774
104,34
20,0,39,70
21,-16,3,3
24,1488
10D,0
10C,783
104,34
20,0,41,68
21,-6,0,-10
24,1488
10D,0
10C,776
104,34
105,35
20,0,39,71
21,15,24,-1
24,1499
10D,0
10C,785
104,34
20,0,41,67
21,-39,7,-25
24,1497
10D,0
10C,787
104,34
20,0,39,72
21,3,-4,-1
24,1488
10D,0
10C,786
104,34
105,36
20,-1,41,67
21,89,-5,-57
24,1488
10D,0
10C,789
104,34
20,0,45,62
21,92,3,-59
24,1494
10D,0
10C,782
104,34
20,0,45,65
21,36,11,-19
24,1489
10D,0
10C,781
104,34
105,36
20,-1,44,65
21,-12,12,-8
24,1492
10D,0
10C,775
104,34
20,-1,45,63
21,13,6,-19
24,1490
10D,0
10C,777
104,34
20,0,44,65
21,48,6,0
24,1489
10D,0
10C,778
104,34
105,36
20,-1,46,64
21,6,2,-8
24,1490
10D,0
10C,780
104,34
20,-1,45,64
21,-56,6,-21
24,1487
10D,0
10C,780
104,34
20,0,44,65
21,37,3,-17
24,1489
10D,0
10C,780
104,34
105,36
20,0,46,63
21,0,12,-3
24,1496
10D,0
10C,778
104,34
20,0,45,64
21,-43,12,-9
24,1494
10D,0
10C,775
104,34
20,0,46,63
21,-16,-4,-6
24,1490
10D,0
10C,784
104,34
105,36
20,-1,44,64
21,38,1,-19
24,1495
10D,0
10C,785
104,34
20,-1,45,63
21,-39,-4,-6
24,1490
10D,0
10C,776
104,34
20,-1,44,67
21,45,6,12
24,1498
10D,0
10C,784
104,34
105,36
20,0,44,65
21,-17,0,3
24,1491
10D,0
10C,774
104,34
20,0,45,64
21,22,3,-5
24,1497
10D,0
10C,788
104,34
20,-1,47,62
21,-48,0,-7
24,1492
10D,0
10C,775
104,34
105,36
20,0,45,64
21,34,0,0
24,1487
10D,0
10C,782
104,34
20,0,46,63
21,-73,7,-3
24,1486
10D,0
10C,781
104,34
20,-1,47,61
21,-53,0,-5
24,1495
10D,0
10C,784
104,34
105,37
20,0,44,65
21,53,11,-22
24,1487
10D,0
10C,786
104,34
20,-1,46,62
21,-64,-4,0
24,1492
10D,0
10C,784
104,35
20,-2,45,64
21,23,16,-3
24,1495
10D,0
10C,778
104,34
105,37
20,-1,46,61
21,-13,0,1
24,1485
10D,0
10C,780
104,34
20,-1,45,65
21,-36,9,-6
24,1487
10D,0
10C,775
104,34
20,0,44,65
21,51,3,0
24,1488
10D,0
10C,773
104,34
105,37
20,-1,43,67
21,5,4,-6
24,1495
10D,0
10C,779
104,34
20,-1,45,65
21,-36,-4,3
24,1487
10D,0
10C,769
104,34
20,0,45,64
21,19,3,-11
24,1498
10D,0
10C,784
104,34
105,37
20,-1,46,61
21,-11,6,-13
24,1492
10D,0
10C,784
104,34
20,-1,44,65
21,-48,0,3
24,1493
10D,0
10C,771
104,34
20,-1,46,61
21,0,3,-9
24,1497
10D,0
10C,784
104,34
105,37
20,0,46,62
21,-48,2,-4
24,1487
10D,0
10C,771
104,34
20,0,43,67
21,46,0,1
24,1485
10D,0
10C,774
104,34
20,-1,46,60
21,-45,8,-16
24,1494
10D,0
10C,779
104,34
105,37
20,0,45,65
21,23,0,-3
24,1495
10D,0
10C,782
104,34
20,-1,46,61
21,-46,6,-6
24,1495
10D,0
10C,781
104,34
20,0,45,64
21,34,2,-9
24,1490
10D,0
10C,787
104,34
105,37
20,-1,45,61
21,-12,3,-12
24,1495
10D,0
10C,776
104,34
20,0,45,65
21,22,1,-16
24,1490
10D,0
10C,771
104,34
20,0,46,62
21,-60,7,-13
24,1488
10D,0
10C,788
104,34
105,37
20,-1,45,62
21,-3,-5,-1
24,1494
10D,0
10C,785
104,34
20,-1,45,66
21,25,7,-11
24,1490
10D,0
10C,791
104,34
20,0,44,66
21,-23,6,-12
24,1500
10D,0
10C,787
104,34
105,38
20,0,45,66
21,8,0,-5
24,1489
10D,0
10C,776
104,34
20,-1,46,63
21,-35,8,-13
24,1492
10D,0
10C,774
104,34
20,-1,46,61
21,12,8,-13
24,1493
10D,0
10C,777
104,34
105,38
20,0,45,63
21,7,15,-9
24,1493
10D,0
10C,783
104,34
20,0,46,63
21,-56,3,-8
24,1497
10D,0
10C,785
104,34
20,-1,44,66
21,22,6,-15
24,1496
10D,0
10C,783
104,34
105,38
20,0,46,64
21,-32,-9,-3
24,1492
10D,0
10C,781
104,34
20,-1,44,66
21,41,-5,-5
24,1489
10D,0
10C,782
104,33
20,-1,46,61
21,-41,15,3
24,1498
10D,0
10C,780
104,34
105,38
20,0,45,64
21,28,8,-5
24,1483
10D,0
10C,777
104,34
20,-1,46,62
21,-75,9,-9
24,1489
10D,0
10C,780
104,34
20,0,46,63
21,-11,-2,-19
24,1496
10D,0
10C,780
104,34
105,38
20,0,44,66
21,39,12,-11
24,1489
10D,0
10C,784
104,34
20,-1,45,62
21,-40,-5,-12
24,1495
10D,0
10C,782
104,34
20,-1,44,65
21,-3,-1,-10
24,1488
10D,0
10C,785
104,34
105,38
20,-1,46,60
21,-1,3,-3
24,1495
10D,0
10C,780
104,34
20,-1,44,66
21,-19,3,-11
24,1495
10D,0
10C,786
104,34
20,0,46,63
21,8,8,-13
24,1497
10D,0
10C,773
104,34
105,38
20,-1,44,66
21,-27,12,-7
24,1490
10D,0
10C,775
104,34
20,-1,44,65
21,-7,8,-32
24,1496
10D,0
10C,786
104,34
20,-1,46,61
21,-69,2,-3
24,1498
10D,0
10C,791
104,34
105,38
20,0,46,64
21,18,12,-1
24,1499
10D,0
10C,779
104,34
20,0,46,64
21,-28,-1,-16
24,1496
10D,0
10C,776
104,34
20,0,44,65
21,25,14,-9
24,1500
10D,0
10C,783
104,34
105,39
20,0,44,66
21,-60,1,3
24,1484
10D,0
10C,779
104,34
20,0,46,63
21,41,22,-12
24,1498
10D,0
10C,791
104,34
20,-1,46,61
21,-22,12,-18
24,1488
10D,0
10C,776
104,34
105,39
20,-1,46,63
21,25,23,-16
24,1495
10D,0
10C,785
104,34
20,0,46,64
21,-31,12,-17
24,1495
10D,0
10C,788
104,34
20,0,45,64
21,-39,-9,-12
24,1489
10D,0
10C,784
104,34
105,39
20,-1,45,67
21,-53,3,-16
24,1497
10D,0
10C,783
104,34
20,-2,46,61
21,-13,-2,-24
24,1496
10D,0
10C,770
104,34
20,-1,45,66
21,-1,0,-18
24,1495
10D,0
10C,789
104,34
105,39
20,0,44,66
21,-6,6,5
24,1495
10D,0
10C,774
104,34
20,-2,47,60
21,-2,6,0
24,1499
10D,0
10C,786
104,33
20,-1,44,66
21,-34,6,-26
24,1489
10D,0
10C,784
104,34
105,39
20,-1,46,62
21,-42,9,-7
24,1494
10D,0
10C,779
104,34
20,-2,50,52
21,58,17,-21
24,1495
10D,0
10C,788
104,34
20,0,48,60
21,37,-4,3
24,1492
10D,0
10C,779
104,34
105,39
20,-1,45,66
21,-48,24,-8
24,1489
10D,0
10C,782
104,34
20,-1,47,58
21,41,5,-19
24,1488
10D,0
10C,784
104,34
20,-1,46,63
21,-78,7,2
24,1493
10D,0
10C,786
104,34
105,39
20,-1,48,61
21,0,6,-18
24,1500
10D,0
10C,775
104,34
20,-1,45,66
21,-66,8,4
24,1491
10D,0
10C,780
104,34
20,0,47,63
21,25,13,4
24,1494
10D,0
10C,772
104,34
105,39
20,-1,45,64
21,74,-14,-21
24,1497
10D,0
10C,782
104,34
20,-1,47,58
21,-65,11,-12
24,1486
10D,0
10C,780
104,34
20,-2,47,63
21,-41,16,-3
24,1485
10D,0
10C,783
104,34
105,39
20,-1,47,62
21,-69,22,-8
24,1486
10D,0
10C,795
104,34
20,-1,46,64
21,10,12,-9
24,1490
10D,0
10C,780
104,35
20,-2,47,59
21,-74,3,1
24,1487
10D,0
10C,781
104,34
105,40
20,-1,46,62
21,29,10,-12
24,1487
10D,0
10C,784
104,34
20,-1,45,65
21,2,9,-2
24,1490
10D,0
10C,782
104,34
20,-1,45,64
21,-8,3,-23
24,1484
10D,0
10C,779
104,34
105,40
20,-1,47,60
21,-39,3,-6
24,1486
10D,0
10C,775
104,34
20,-1,46,65
21,29,-12,19
24,1493
10D,0
10C,781
104,34
20,-1,47,59
21,-147,10,72
24,1487
10D,0
10C,781
104,34
105,40
20,-1,45,66
21,24,8,-11
24,1491
10D,0
10C,786
104,34
20,-1,46,64
21,-32,9,-17
24,1495
10D,0
10C,783
104,34
20,-1,46,63
21,43,19,-18
24,1501
10D,0
10C,787
104,34
105,40
20,0,44,65
21,-30,5,-16
24,1487
10D,0
10C,782
104,34
20,-1,47,60
21,-41,3,2
24,1494
10D,0
10C,778
104,33
20,0,45,65
21,23,12,-22
24,1488
10D,0
10C,777
104,34
105,40
20,-1,45,64
21,2,8,7
24,1493
10D,0
10C,779
104,34
20,-2,48,59
21,-92,0,5
24,1491
10D,0
10C,779
104,34
20,0,44,69
21,87,0,-19
24,1487
10D,0
10C,782
104,33
105,40
20,-1,45,65
21,60,0,-9
24,1486
10D,0
10C,782
104,34
20,-1,47,60
21,-56,4,11
24,1489
10D,0
10C,777
104,34
20,-1,46,63
21,-47,21,-16
24,1481
10D,0
10C,780
104,34
105,40
20,-1,45,64
21,3,12,-14
24,1487
10D,0
10C,788
104,34
20,-1,47,62
21,-77,0,0
24,1489
10D,0
10C,788
104,34
20,0,45,63
21,0,8,-25
24,1487
10D,0
10C,781
104,34
105,40
20,-1,47,62
21,-32,8,-16
24,1488
10D,0
10C,782
104,34
20,-1,44,67
21,31,16,-6
24,1487
10D,0
10C,786
104,34
20,-1,46,63
21,60,-16,-22
24,1489
10D,0
10C,782
104,33
105,40
20,0,45,65
21,61,3,-6
24,1481
10D,0
10C,784
104,34
20,-1,47,61
21,-34,7,2
24,1485
10D,0
10C,779
104,34
20,0,45,65
21,-16,-8,-29
24,1486
10D,0
10C,782
104,34
105,41
20,-1,47,63
21,-4,0,-23
24,1484
10D,0
10C,774
104,34
20,-2,47,59
21,-62,9,10
24,1492
10D,0
10C,783
104,34
20,0,46,64
21,-13,9,-19
24,1489
10D,0
10C,775
104,34
105,41
20,-2,48,59
21,-70,16,-6
24,1491
10D,0
10C,775
104,34
20,-1,45,65
21,19,3,-15
24,1497
10D,0
10C,790
104,34
20,0,47,63
21,3,15,-31
24,1495
10D,0
10C,784
104,34
105,41
20,-1,46,62
21,3,7,-24
24,1495
10D,0
10C,781
104,34
20,-1,46,63
21,-51,-2,-13
24,1488
10D,0
10C,780
104,34
20,0,46,64
21,26,12,-14
24,1489
10D,0
10C,774
104,33
105,41
20,-1,46,63
21,24,11,-3
24,1497
10D,0
10C,782
104,34
20,0,44,66
21,42,6,-9
24,1489
10D,0
10C,774
104,34
20,-1,47,60
21,-44,-8,-5
24,1491
10D,0
10C,780
104,34
105,41
20,-1,45,63
21,20,10,-6
24,1487
10D,0
10C,777
104,34
20,-1,45,66
21,34,11,-19
24,1496
10D,0
10C,788
104,34
20,-1,48,60
21,-31,11,1
24,1500
10D,0
10C,785
104,34
105,41
20,-1,45,64
21,19,-3,9
24,1493
10D,0
10C,773
104,34
20,-1,48,61
21,-51,11,-22
24,1491
10D,0
10C,781
104,34
20,-1,47,60
21,-3,-22,12
24,1490
10D,0
10C,773
104,34
105,41
20,1,48,67
21,19,19,-28
24,1495
10D,0
10C,780
104,34
20,-2,48,65
21,-9,40,-22
24,1492
10D,0
10C,779
104,34
20,0,47,64
21,-22,0,-44
24,1490
10D,0
10C,777
104,34
105,41
20,-1,47,60
21,-41,0,-11
24,1487
10D,0
10C,785
104,34
20,0,47,63
21,-53,2,-16
24,1484
10D,0
10C,787
104,34
20,0,44,65
21,19,18,-14
24,1491
10D,0
10C,785
104,33
105,41
20,0,45,66
21,28,15,-11
24,1496
10D,0
10C,780
104,33
20,-1,45,63
21,10,0,5
24,1495
10D,0
10C,786
104,34
20,0,47,63
21,-27,0,-21
24,1495
10D,0
10C,785
104,35
105,42
20,0,46,59
21,-12,12,-7
24,1492
10D,0
10C,787
104,35
20,0,43,65
21,26,-2,-1
24,1493
10D,0
10C,789
104,35
20,0,47,63
21,9,0,-22
24,1494
10D,0
10C,792
104,34
105,42
20,-1,47,58
21,-64,5,8
24,1494
10D,0
10C,775
104,34
20,-2,47,65
21,-43,16,9
24,1491
10D,0
10C,778
104,34
20,-1,41,74
21,330,-41,-77
24,1489
10D,0
10C,781
104,33
105,42
20,-1,44,65
21,-11,17,16
24,1487
10D,0
10C,778
104,34
20,2,48,64
21,34,46,19
24,1490
10D,0
10C,781
104,33
20,-2,46,62
21,-56,29,-13
24,1478
10D,0
10C,770
104,36
105,42
20,-2,48,60
21,-60,-6,4
24,1487
10D,0
10C,758
104,37
20,0,42,63
21,22,-37,27
24,1488
10D,0
10C,707
104,45
20,2,49,59
21,48,-58,47
24,1490
10D,0
10C,683
104,48
105,42
20,-4,46,62
21,-78,45,-2
24,1480
10D,0
10C,717
104,49
20,0,40,74
21,-111,14,51
24,1486
10D,0
10C,706
104,51
20,0,48,63
21,-3,24,15
24,1495
10D,0
10C,697
104,49
105,42
20,0,46,63
21,0,61,87
24,1490
10D,0
10C,697
104,52
20,-3,47,62
21,-59,98,84
24,1485
10D,0
10C,690
104,51
20,0,45,61
21,12,33,96
24,1488
10D,0
10C,670
104,54
105,42
20,0,47,64
21,9,52,52
24,1477
10D,0
10C,681
104,57
20,-4,48,59
21,-137,132,194
24,1482
10D,0
10C,698
104,56
20,0,47,60
21,-38,94,54
24,1482
10D,0
10C,699
104,55
105,42
20,1,48,60
21,13,120,122
24,1481
10D,0
10C,685
104,53
20,1,46,64
21,35,74,36
24,1483
10D,0
10C,701
104,54
20,0,45,62
21,24,90,87
24,1490
10D,0
10C,689
104,55
105,42
20,-1,47,60
21,20,83,80
24,1482
10D,0
10C,695
104,55
20,0,45,64
21,61,75,86
24,1495
10D,0
10C,700
104,56
20,2,44,65
21,13,103,50
24,1502
10D,0
10C,716
104,54
105,42
20,2,43,66
21,57,142,145
24,1495
10D,0
10C,709
104,52
20,0,44,65
21,-2,214,222
24,1487
10D,0
10C,711
104,52
20,0,45,62
21,-3,231,256
24,1485
10D,0
10C,709
104,52
105,43
20,-2,44,62
21,-6,294,286
24,1489
10D,0
10C,709
104,55
20,1,44,67
21,83,334,331
24,1480
10D,0
10C,718
104,52
20,3,45,68
21,-55,414,318
24,1485
10D,2
10C,706
104,53
105,43
20,0,46,61
21,22,370,391
24,1485
10D,2
10C,715
104,52
20,0,45,60
21,-20,371,339
24,1488
10D,2
10C,716
104,51
20,4,47,61
21,0,382,291
24,1481
10D,2
10C,716
104,51
105,43
20,5,45,60
21,46,434,398
24,1484
10D,3
10C,712
104,52
20,3,44,65
21,-11,427,495
24,1496
10D,3
10C,707
104,51
20,5,44,69
21,-43,694,549
24,1488
10D,3
10C,707
104,52
105,43
20,0,39,69
21,-140,865,530
24,1498
10D,3
10C,717
104,52
20,6,50,62
21,-275,706,602
24,1496
10D,3
10C,715
104,52
20,0,44,71
21,-305,648,705
24,1490
10D,3
10C,707
104,51
105,43
20,4,43,67
21,-203,708,629
24,1494
10D,3
10C,694
104,56
20,-1,41,65
21,-195,899,772
24,1491
10D,4
10C,749
104,59
20,1,42,70
21,-103,852,885
24,1483
10D,4
10C,751
104,53
105,43
20,7,39,73
21,-254,880,1026
24,1488
10D,3
10C,739
104,54
20,16,47,67
21,-27,1010,784
24,1492
10D,3
10C,740
104,54
20,3,38,63
21,-1,1089,709
24,1488
10D,3
10C,738
104,54
105,43
20,4,46,68
21,-61,990,658
24,1491
10D,3
10C,727
104,51
20,0,41,68
21,-113,986,568
24,1489
10D,3
10C,714
104,51
20,2,45,62
21,20,732,703
24,1479
10D,2
10C,710
104,54
105,43
20,4,42,68
21,-18,596,566
24,1495
10D,2
10C,756
104,56
20,2,40,71
21,41,560,473
24,1481
10D,2
10C,742
104,54
20,1,43,65
21,39,609,548
24,1489
10D,2
10C,755
104,54
105,43
20,0,38,74
21,32,642,559
24,1485
10D,2
10C,736
104,55
20,-1,39,68
21,-9,624,568
24,1482
10D,2
10C,736
104,54
20,-1,37,72
21,-7,695,592
24,1486
10D,2
10C,748
104,53
105,43
20,4,40,69
21,-55,630,606
24,1488
10D,2
10C,753
104,53
20,2,42,66
21,30,551,473
24,1489
10D,2
10C,758
104,54
20,1,44,66
21,-12,465,438
24,1492
10D,2
10C,730
104,56
105,44
20,0,49,56
21,-180,340,258
24,1483
10D,0
10C,749
104,49
20,5,49,60
21,-25,0,-53
24,1482
10D,0
10C,769
104,44
20,3,36,77
21,-16,201,-291
24,1481
10D,0
10C,770
104,49
105,44
20,-1,42,66
21,-38,39,-16
24,1487
10D,0
10C,738
104,53
20,-1,45,66
21,-44,11,-45
24,1489
10D,0
10C,713
104,52
20,-1,42,67
21,-16,16,-28
24,1487
10D,0
10C,757
104,54
105,44
20,-1,42,68
21,-23,70,38
24,1493
10D,0
10C,736
104,53
20,-2,42,67
21,-30,202,167
24,1487
10D,0
10C,735
104,51
20,-4,43,65
21,-71,280,299
24,1483
10D,2
10C,736
104,52
105,44
20,-1,41,65
21,51,270,286
24,1491
10D,1
10C,714
104,51
20,0,42,68
21,48,344,309
24,1483
10D,3
10C,709
104,50
20,-1,42,69
21,-75,318,364
24,1489
10D,3
10C,710
104,49
105,44
20,-1,44,66
21,0,337,359
24,1488
10D,3
10C,706
104,50
20,-2,45,68
21,-43,278,427
24,1494
10D,4
10C,710
104,50
20,-1,43,67
21,-88,396,392
24,1487
10D,4
10C,715
104,49
105,44
20,1,40,72
21,-135,395,496
24,1490
10D,4
10C,717
104,49
20,-4,41,77
21,104,463,330
24,1479
10D,5
10C,720
104,49
20,1,41,72
21,12,449,471
24,1489
10D,5
10C,737
104,48
105,44
20,-4,42,61
21,-123,529,489
24,1492
10D,5
10C,725
104,49
20,0,41,65
21,69,337,290
24,1496
10D,5
10C,726
104,47
20,10,42,79
21,-35,175,303
24,1494
10D,6
10C,725
104,47
105,44
20,-2,44,70
21,23,74,80
24,1492
10D,6
10C,722
104,47
20,-1,40,64
21,-103,77,-17
24,1489
10D,6
10C,734
104,49
20,-2,36,72
21,-25,96,54
24,1488
10D,6
10C,739
104,48
105,44
20,-5,41,65
21,68,122,-10
24,1484
10D,6
10C,720
104,49
20,2,40,75
21,90,73,-31
24,1495
10D,6
10C,769
104,51
20,-1,41,78
21,14,21,-29
24,1497
10D,6
10C,873
104,56
105,45
20,1,47,61
21,-64,-16,-63
24,1495
10D,7
10C,1032
104,54
20,-3,43,69
21,42,-89,-114
24,1487
10D,7
10C,1025
104,48
20,0,42,56
21,-169,-2,-18
24,1485
10D,8
10C,933
104,42
105,45
20,-4,38,66
21,-102,62,19
24,1489
10D,8
10C,844
104,41
20,4,38,63
21,-59,-144,71
24,1487
10D,8
10C,798
104,41
20,6,31,81
21,205,-91,-141
24,1482
10D,9
10C,763
104,42
105,45
20,5,40,58
21,-202,-31,7
24,1484
10D,9
10C,762
104,41
20,-3,37,74
21,154,-65,-141
24,1486
10D,9
10C,760
104,42
20,-5,52,61
21,-89,-103,53
24,1487
10D,9
10C,789
104,43
105,45
20,8,35,76
21,71,-102,-18
24,1490
10D,9
10C,868
104,48
20,1,40,70
21,-33,-35,-32
24,1494
10D,9
10C,888
104,50
20,4,39,64
21,3,85,-183
24,1495
10D,9
10C,910
104,49
105,45
20,6,36,74
21,186,-80,-44
24,1492
10D,9
10C,894
104,50
20,3,37,71
21,173,-224,-85
24,1489
10D,9
10C,896
104,48
20,5,46,78
21,160,-38,-193
24,1488
10D,9
10C,900
104,48
105,45
20,1,35,66
21,-80,-93,-151
24,1487
10D,9
10C,913
104,48
20,3,35,71
21,39,-91,-122
24,1488
10D,9
10C,915
104,47
20,0,42,64
21,-2,-122,-106
24,1490
10D,10
10C,892
104,47
105,45
20,-5,43,61
21,-220,-173,-14
24,1494
10D,10
10C,903
104,47
20,6,40,68
21,-34,-82,-122
24,1492
10D,10
10C,887
104,44
20,5,41,59
21,-286,-33,17
24,1490
10D,10
10C,865
104,43
105,45
20,11,38,78
21,166,-122,-78
24,1498
10D,10
10C,836
104,43
20,5,31,74
21,-19,-69,-34
24,1493
10D,10
10C,822
104,46
20,0,44,69
21,-163,-31,-8
24,1492
10D,9
10C,840
104,47
105,45
20,5,38,82
21,149,-62,-115
24,1495
10D,9
10C,862
104,47
20,5,40,66
21,48,9,-39
24,1486
10D,9
10C,881
104,47
20,0,40,76
21,13,-5,-122
24,1494
10D,9
10C,898
104,47
105,46
20,2,45,65
21,-122,37,-41
24,1495
10D,10
10C,930
104,47
20,4,38,73
21,125,28,9
24,1490
10D,10
10C,929
104,47
20,0,42,59
21,-45,-51,25
24,1495
10D,10
10C,931
104,46
105,46
20,-14,46,65
21,58,-54,79
24,1530
10D,10
10C,918
104,47
20,6,37,73
21,80,2,-74
24,1510
10D,10
10C,906
104,47
20,-1,38,62
21,-51,55,-30
24,1488
10D,10
10C,906
104,47
105,46
20,3,38,74
21,-80,64,27
24,1503
10D,10
10C,912
104,48
20,-2,35,75
21,-110,84,3
24,1501
10D,10
10C,927
104,47
20,2,44,61
21,-312,38,109
24,1488
10D,10
10C,948
104,49
105,46
20,6,42,68
21,-226,27,131
24,1490
10D,8
10C,954
104,47
20,-1,42,69
21,2,42,94
24,1488
10D,10
10C,974
104,47
20,5,45,61
21,69,54,50
24,1489
10D,10
10C,988
104,47
105,46
20,-4,44,62
21,-83,28,168
24,1487
10D,10
10C,982
104,45
20,2,44,67
21,-29,-45,125
24,1495
10D,11
10C,960
104,44
20,1,33,70
21,3,171,39
24,1499
10D,11
10C,951
104,43
105,46
20,4,41,65
21,-124,43,22
24,1487
10D,11
10C,935
104,44
20,4,49,68
21,-51,90,-21
24,1494
10D,11
10C,947
104,45
20,5,37,67
21,207,-40,-119
24,1496
10D,11
10C,939
104,45
105,46
20,-5,44,77
21,54,35,-83
24,1485
10D,11
10C,953
104,45
20,0,43,73
21,189,-30,-115
24,1488
10D,11
10C,961
104,44
20,4,48,68
21,83,-41,-50
24,1489
10D,11
10C,965
104,45
105,46
20,4,42,82
21,174,-14,-77
24,1492
10D,11
10C,927
104,46
20,4,43,60
21,-239,64,-44
24,1487
10D,11
10C,922
104,45
20,11,48,69
21,4,-120,-17
24,1493
10D,11
10C,924
104,45
105,46
20,1,37,77
21,331,-9,-146
24,1489
10D,11
10C,954
104,45
20,1,36,68
21,9,-3,-140
24,1497
10D,11
10C,946
104,45
20,-9,39,62
21,231,-74,-182
24,1497
10D,11
10C,941
104,45
105,47
20,-1,43,77
21,0,28,13
24,1493
10D,11
10C,937
104,45
20,10,40,80
21,106,-56,-148
24,1488
10D,11
10C,965
104,43
20,-7,42,72
21,163,-38,-163
24,1494
10D,11
10C,957
104,44
105,47
20,0,39,68
21,22,-70,-102
24,1490
10D,11
10C,948
104,48
20,-1,46,75
21,-64,-42,-59
24,1489
10D,11
10C,962
104,50
20,2,40,76
21,10,-198,69
24,1491
10D,11
10C,1010
104,51
105,47
20,-1,42,61
21,-32,-65,-19
24,1497
10D,11
10C,1057
104,52
20,13,45,64
21,86,97,-170
24,1487
10D,11
10C,1093
104,53
20,-5,40,62
21,5,-62,68
24,1488
10D,9
10C,1133
104,53
105,47
20,-7,47,52
21,-260,-32,102
24,1491
10D,12
10C,1190
104,53
20,0,45,46
21,-221,89,179
24,1491
10D,12
10C,1214
104,54
20,0,37,72
21,67,-22,-19
24,1495
10D,12
10C,1218
104,52
105,47
20,3,46,79
21,302,-48,-91
24,1491
10D,13
10C,1236
104,52
20,1,31,63
21,98,-42,-20
24,1483
10D,13
10C,1243
104,52
20,2,37,77
21,-15,-59,-45
24,1484
10D,13
10C,1260
104,50
105,47
20,5,50,75
21,-273,-5,-19
24,1487
10D,13
10C,1267
104,50
20,-8,52,51
21,-497,141,80
24,1483
10D,14
10C,1270
104,50
20,7,41,67
21,6,-31,106
24,1487
10D,14
10C,1315
104,48
105,47
20,21,34,85
21,243,74,-360
24,1487
10D,14
10C,1302
104,43
20,0,51,50
21,-488,5,132
24,1477
10D,15
10C,1259
104,41
20,2,38,65
21,-25,-74,47
24,1483
10D,15
10C,1229
104,38
105,48
20,3,38,84
21,51,-84,-157
24,1488
10D,15
10C,1214
104,38
20,13,33,80
21,235,-22,-190
24,1479
10D,15
10C,1234
104,38
20,10,37,66
21,-10,-7,-135
24,1480
10D,15
10C,1035
104,40
105,48
20,2,46,76
21,-8,15,-196
24,1485
10D,15
10C,970
104,41
20,0,39,78
21,-325,186,-45
24,1486
10D,15
10C,1003
104,42
20,2,43,73
21,170,-57,-34
24,1491
10D,15
10C,1015
104,41
105,48
20,-8,40,62
21,11,112,-24
24,1490
10D,15
10C,994
104,42
20,-4,44,70
21,-260,-28,169
24,1489
10D,15
10C,893
104,43
20,-4,39,77
21,-151,-45,245
24,1491
10D,15
10C,853
104,41
105,48
20,-6,43,60
21,-238,99,8
24,1484
10D,15
10C,816
104,38
20,5,30,57
21,-3,-52,-14
24,1491
10D,15
10C,811
104,36
20,6,37,67
21,-151,-24,-27
24,1490
10D,15
10C,812
104,36
105,48
20,-8,34,62
21,-119,87,2
24,1505
10D,15
10C,808
104,36
20,17,38,81
21,148,-41,-88
24,1480
10D,13
10C,819
104,36
20,-1,43,84
21,-86,87,156
24,1486
10D,15
10C,810
104,36
105,48
20,4,40,54
21,-32,157,32
24,1488
10D,15
10C,801
104,36
20,9,34,77
21,80,-12,159
24,1479
10D,15
10C,806
104,36
20,8,34,78
21,-146,-51,-87
24,1495
10D,14
10C,806
104,36
105,48
20,-13,42,46
21,-200,-31,12
24,1488
10D,14
10C,798
104,37
20,-6,38,64
21,125,-86,93
24,1488
10D,14
10C,794
104,37
20,6,28,93
21,141,116,-153
24,1497
10D,14
10C,795
104,37
105,48
20,-7,14,100
21,-29,35,134
24,1487
10D,14
10C,788
104,37
20,11,20,79
21,-37,42,0
24,1495
10D,11
10C,784
104,37
20,-3,53,72
21,92,100,-77
24,1488
10D,13
10C,780
104,37
105,49
20,4,36,89
21,-138,56,-91
24,1480
10D,13
10C,788
104,38
20,-1,33,72
21,143,-78,69
24,1491
10D,13
10C,807
104,35
20,7,32,96
21,-415,154,65
24,1475
10D,12
10C,799
104,31
105,49
20,4,44,74
21,-106,78,19
24,1479
10D,12
10C,791
104,30
20,-5,40,72
21,-86,-48,161
24,1471
10D,11
10C,772
104,30
20,2,39,79
21,4,53,-13
24,1481
10D,11
10C,769
104,29
105,49
20,-7,38,65
21,186,-9,-36
24,1475
10D,11
10C,779
104,30
20,-1,37,64
21,-9,-127,169
24,1482
10D,9
10C,769
104,29
20,1,42,84
21,-147,166,-11
24,1480
10D,10
10C,772
104,29
105,49
20,8,35,69
21,-141,109,100
24,1471
10D,10
10C,766
104,30
20,0,34,73
21,-115,29,123
24,1467
10D,10
10C,768
104,29
20,-2,44,62
21,321,-1,105
24,1474
10D,10
10C,754
104,30
105,49
20,-6,38,67
21,-125,80,93
24,1477
10D,10
10C,752
104,29
20,0,42,73
21,109,-16,184
24,1473
10D,10
10C,744
104,29
20,6,34,91
21,-128,89,-99
24,1471
10D,9
10C,748
104,29
105,49
20,-1,47,61
21,-323,64,192
24,1472
10D,9
10C,738
104,29
20,-1,33,63
21,154,-141,-20
24,1471
10D,9
10C,749
104,30
20,0,45,57
21,72,-13,-154
24,1471
10D,9
10C,749
104,30
105,49
20,0,40,71
21,-120,38,-44
24,1479
10D,9
10C,737
104,30
20,1,42,56
21,122,-172,-303
24,1485
10D,9
10C,747
104,30
20,0,39,61
21,196,-232,-253
24,1476
10D,9
10C,741
104,31
105,50
20,0,33,76
21,270,-208,-260
24,1479
10D,9
10C,742
104,30
20,1,41,74
21,-252,-255,-190
24,1482
10D,9
10C,749
104,32
20,3,38,78
21,-25,-179,-156
24,1479
10D,9
10C,825
104,41
105,50
20,0,35,78
21,128,-160,-207
24,1468
10D,9
10C,945
104,48
20,3,39,65
21,-85,-132,-3
24,1477
10D,9
10C,1013
104,50
20,8,46,49
21,164,-13,51
24,1478
10D,10
10C,1059
104,51
105,50
20,-7,43,62
21,-35,37,344
24,1471
10D,10
10C,1073
104,54
20,1,43,72
21,80,40,174
24,1481
10D,11
10C,1076
104,55
20,0,30,93
21,112,297,489
24,1479
10D,11
10C,1150
104,57
105,50
20,1,36,86
21,-106,384,339
24,1488
10D,12
10C,1218
104,60
20,11,41,87
21,160,242,695
24,1481
10D,12
10C,1232
104,59
20,-11,48,66
21,115,512,-8
24,1481
10D,12
10C,1285
104,59
105,50
20,2,39,77
21,-418,376,437
24,1485
10D,10
10C,1328
104,59
20,2,44,81
21,418,55,285
24,1485
10D,13
10C,1355
104,60
20,15,49,67
21,-292,315,188
24,1487
10D,13
10C,1386
104,58
105,50
20,27,42,61
21,-373,154,-323
24,1471
10D,14
10C,1418
104,56
20,-1,58,57
21,-31,-139,-40
24,1474
10D,14
10C,1419
104,55
20,22,29,87
21,66,66,-502
24,1468
10D,15
10C,1426
104,55
105,51
20,5,37,81
21,592,-183,-478
24,1469
10D,15
10C,1467
104,54
20,9,48,54
21,-374,97,-39
24,1477
10D,15
10C,1511
104,56
20,-6,49,51
21,-421,106,-93
24,1477
10D,16
10C,1537
104,54
105,51
20,-4,43,80
21,279,-237,-70
24,1466
10D,16
10C,1557
104,53
20,2,52,49
21,-292,19,133
24,1479
10D,17
10C,1578
104,52
20,6,30,67
21,130,-65,-46
24,1484
10D,17
10C,1597
104,51
105,51
20,3,41,75
21,81,145,-209
24,1471
10D,18
10C,1635
104,50
20,6,41,60
21,186,-65,117
24,1475
10D,18
10C,1629
104,50
20,2,49,52
21,-469,79,111
24,1482
10D,18
10C,1659
104,50
105,51
20,-4,32,69
21,-3,-125,-148
24,1472
10D,19
10C,1537
104,52
20,-3,33,56
21,84,-31,102
24,1471
10D,19
10C,1454
104,53
20,10,36,81
21,412,93,-380
24,1490
10D,16
10C,1397
104,55
105,51
20,0,59,52
21,-167,-41,3
24,1480
10D,19
10C,1382
104,56
20,13,30,60
21,-132,-10,-167
24,1473
10D,20
10C,1367
104,55
20,-2,57,49
21,20,109,-305
24,1485
10D,20
10C,1373
104,54
105,51
20,18,27,71
21,-267,0,-405
24,1479
10D,20
10C,1340
104,54
20,-4,46,56
21,-196,292,-70
24,1487
10D,20
10C,1319
104,52
20,-10,37,65
21,46,4,77
24,1479
10D,20
10C,1303
104,51
105,52
20,2,50,69
21,-233,224,-34
24,1486
10D,21
10C,1263
104,49
20,-8,35,61
21,76,5,164
24,1481
10D,18
10C,1195
104,44
20,-14,52,65
21,134,-55,376
24,1478
10D,21
10C,1133
104,41
105,52
20,-3,36,62
21,-309,-6,142
24,1484
10D,20
10C,1063
104,41
20,0,36,70
21,-138,61,-47
24,1478
10D,20
10C,1065
104,41
20,7,41,66
21,-370,172,-108
24,1485
10D,20
10C,1051
104,42
105,52
20,-2,42,75
21,-150,73,154
24,1480
10D,20
10C,1041
104,43
20,1,44,67
21,-30,-6,-6
24,1488
10D,20
10C,1066
104,42
20,9,37,74
21,66,-105,-39
24,1483
10D,20
10C,1063
104,42
105,52
20,-4,51,63
21,212,-16,-45
24,1471
10D,20
10C,1071
104,41
20,4,42,59
21,74,-122,150
24,1484
10D,18
10C,1063
104,42
20,1,35,58
21,-88,64,-188
24,1489
10D,21
10C,1064
104,42
105,52
20,18,49,49
21,-249,-108,166
24,1479
10D,21
10C,1070
104,41
20,10,30,70
21,10,52,-221
24,1487
10D,21
10C,1065
104,41
20,0,32,63
21,61,-77,-109
24,1483
10D,21
10C,1057
104,42
105,52
20,-5,38,81
21,613,-51,121
24,1486
10D,21
10C,1073
104,42
20,-2,32,66
21,105,151,-46
24,1487
10D,21
10C,1095
104,50
20,0,40,62
21,-485,-43,291
24,1482
10D,21
10C,1244
104,64
105,52
20,-9,38,86
21,479,22,20
24,1477
10D,21
10C,1556
104,68
20,-12,49,51
21,-273,77,398
24,1486
10D,22
10C,1741
104,67
20,3,54,38
21,-366,166,-59
24,1479
10D,23
10C,1782
104,69
105,53
20,-5,52,60
21,142,93,289
24,1489
10D,24
10C,1866
104,69
20,-18,40,70
21,473,251,-9
24,1479
10D,25
10C,1893
104,69
20,2,60,60
21,-424,224,50
24,1479
10D,26
10C,1896
104,66
105,53
20,-9,49,64
21,283,177,274
24,1484
10D,27
10C,1704
104,40
20,-13,49,72
21,-279,-155,296
24,1490
10D,28
10C,1461
104,32
20,-9,44,83
21,608,22,129
24,1482
10D,28
10C,1306
104,31
105,53
20,-13,36,51
21,-621,411,15
24,1481
10D,27
10C,1240
104,27
20,1,22,67
21,105,-91,256
24,1479
10D,27
10C,1212
104,24
20,-7,34,81
21,-82,216,87
24,1485
10D,27
10C,1214
104,23
105,53
20,0,42,69
21,-351,115,294
24,1486
10D,27
10C,1204
104,22
20,-7,42,66
21,56,196,83
24,1471
10D,26
10C,1191
104,21
20,-12,30,65
21,111,-9,57
24,1493
10D,26
10C,1191
104,21
105,53
20,21,41,63
21,-13,333,-343
24,1481
10D,26
10C,1160
104,21
20,1,27,79
21,-61,-64,302
24,1463
10D,25
10C,1120
104,21
20,-9,42,54
21,-289,266,45
24,1483
10D,25
10C,1099
104,21
105,53
20,-4,48,75
21,-234,273,-160
24,1487
10D,24
10C,1033
104,22
20,10,26,62
21,-57,150,186
24,1480
10D,24
10C,1044
104,22
20,4,33,64
21,51,257,296
24,1487
10D,23
10C,1025
104,23
105,54
20,-14,40,77
21,-18,-67,126
24,1484
10D,23
10C,992
104,23
20,-6,44,56
21,-111,320,205
24,1482
10D,23
10C,978
104,23
20,0,27,77
21,-271,579,229
24,1484
10D,22
10C,978
104,23
105,54
20,-12,27,88
21,234,675,298
24,1481
10D,22
10C,944
104,23
20,-14,31,95
21,470,701,627
24,1491
10D,21
10C,903
104,24
20,-14,28,75
21,399,1016,580
24,1492
10D,19
10C,878
104,25
105,54
20,-43,36,71
21,-3,1013,1264
24,1479
10D,21
10C,863
104,24
20,-7,37,71
21,-151,1126,1055
24,1480
10D,20
10C,878
104,25
20,-13,43,69
21,-33,1098,948
24,1479
10D,20
10C,885
104,24
105,54
20,-12,36,94
21,305,1110,814
24,1478
10D,20
10C,866
104,24
20,-21,44,79
21,72,1343,1263
24,1479
10D,20
10C,867
104,24
20,-31,18,90
21,-141,1739,1321
24,1480
10D,19
10C,840
104,25
105,54
20,-23,41,83
21,-392,1584,1653
24,1479
10D,19
10C,850
104,25
20,-37,55,76
21,-210,1677,1564
24,1482
10D,19
10C,830
104,24
20,-21,31,66
21,-428,1716,1628
24,1471
10D,19
10C,822
104,24
105,54
20,-37,33,44
21,-578,1730,1721
24,1476
10D,19
10C,812
104,24
20,-30,38,56
21,-809,1740,1689
24,1471
10D,18
10C,801
104,25
20,-29,30,87
21,-488,1499,1869
24,1477
10D,18
10C,804
104,25
105,55
20,-35,30,68
21,-109,1345,2149
24,1479
10D,18
10C,802
104,25
20,-12,35,69
21,349,1232,1868
24,1472
10D,18
10C,816
104,25
20,-18,40,90
21,223,938,1544
24,1474
10D,18
10C,820
104,26
105,55
20,-25,41,75
21,191,1024,1255
24,1472
10D,16
10C,799
104,26
20,-24,38,62
21,-129,1215,1548
24,1479
10D,18
10C,791
104,26
20,-6,39,76
21,-138,991,1515
24,1479
10D,18
10C,782
104,26
105,55
20,-12,34,72
21,-3,1055,1159
24,1476
10D,18
10C,790
104,27
20,-14,28,73
21,175,816,1123
24,1480
10D,17
10C,790
104,26
20,-1,28,86
21,-176,924,815
24,1471
10D,17
10C,769
104,27
105,55
20,-8,22,89
21,-25,803,890
24,1475
10D,16
10C,722
104,28
20,0,29,76
21,-135,730,777
24,1479
10D,15
10C,714
104,30
20,-19,32,65
21,-495,913,635
24,1479
10D,14
10C,718
104,30
105,55
20,-12,42,73
21,-18,414,756
24,1470
10D,12
10C,716
104,32
20,-5,26,77
21,-127,434,406
24,1481
10D,13
10C,708
104,33
20,-8,32,90
21,403,463,96
24,1471
10D,12
10C,705
104,34
105,55
20,0,18,81
21,-162,166,328
24,1467
10D,11
10C,713
104,34
20,6,32,85
21,-218,17,144
24,1473
10D,10
10C,729
104,33
20,1,21,89
21,259,182,-212
24,1476
10D,10
10C,724
104,32
105,55
20,-6,30,86
21,99,-170,166
24,1475
10D,8
10C,705
104,32
20,0,31,68
21,-25,83,-149
24,1480
10D,8
10C,699
104,32
20,0,30,77
21,-94,9,57
24,1471
10D,7
10C,681
104,33
105,56
20,-3,28,80
21,-46,-22,-70
24,1480
10D,6
10C,665
104,35
20,-1,37,71
21,86,-17,35
24,1481
10D,6
10C,665
104,37
20,0,41,68
21,38,6,-41
24,1471
10D,6
10C,666
104,34
105,56
20,-2,37,76
21,3,83,-27
24,1470
10D,6
10C,680
104,34
20,-4,33,75
21,-6,151,31
24,1469
10D,6
10C,680
104,36
20,-1,36,71
21,-134,155,41
24,1478
10D,6
10C,678
104,34
105,56
20,-1,27,77
21,94,108,14
24,1478
10D,6
10C,675
104,34
20,-4,29,75
21,-28,149,10
24,1489
10D,5
10C,674
104,34
20,-8,35,76
21,-28,46,122
24,1469
10D,5
10C,678
104,34
105,56
20,-3,34,70
21,-54,119,-17
24,1481
10D,3
10C,680
104,36
20,0,36,80
21,101,99,-30
24,1479
10D,4
10C,687
104,37
20,-5,42,72
21,7,82,130
24,1477
10D,5
10C,688
104,37
105,56
20,0,37,69
21,-112,86,52
24,1490
10D,5
10C,701
104,37
20,-6,40,62
21,-31,71,138
24,1472
10D,6
10C,700
104,36
20,-5,36,68
21,-236,156,111
24,1487
10D,6
10C,701
104,36
105,56
20,-2,38,74
21,-74,41,51
24,1484
10D,6
10C,702
104,36
20,-4,35,79
21,276,109,-111
24,1472
10D,7
10C,708
104,35
20,-5,40,72
21,209,-118,-61
24,1484
10D,7
10C,712
104,33
105,57
20,-5,39,72
21,-131,0,-134
24,1489
10D,8
10C,711
104,32
20,0,44,63
21,-76,-105,-151
24,1489
10D,8
10C,715
104,32
20,-2,41,61
21,-297,-239,-144
24,1469
10D,8
10C,717
104,31
105,57
20,1,37,76
21,-163,-317,-444
24,1471
10D,9
10C,742
104,30
20,2,31,74
21,-234,-472,-315
24,1471
10D,9
10C,803
104,36
20,12,43,62
21,-74,-585,-376
24,1478
10D,9
10C,886
104,41
105,57
20,11,41,65
21,254,-666,-553
24,1478
10D,10
10C,929
104,41
20,8,38,62
21,-86,-546,-521
24,1474
10D,10
10C,904
104,43
20,-2,45,54
21,-337,-653,-438
24,1477
10D,9
10C,874
104,44
105,57
20,-4,38,59
21,56,-397,-243
24,1474
10D,11
10C,837
104,33
20,-2,34,63
21,-608,-231,-176
24,1470
10D,11
10C,808
104,28
20,3,43,76
21,-83,-263,187
24,1472
10D,12
10C,777
104,27
105,57
20,-8,43,57
21,99,136,-69
24,1465
10D,12
10C,750
104,25
20,-10,37,65
21,24,-91,685
24,1478
10D,12
10C,744
104,25
20,0,44,65
21,-406,314,372
24,1471
10D,12
10C,753
104,26
105,57
20,-1,24,90
21,125,475,22
24,1483
10D,11
10C,740
104,25
20,2,27,89
21,254,320,320
24,1483
10D,11
10C,738
104,25
20,-5,35,63
21,486,231,186
24,1466
10D,9
10C,719
104,25
105,58
20,2,32,85
21,-117,269,228
24,1490
10D,9
10C,697
104,27
20,5,21,82
21,35,250,106
24,1479
10D,8
10C,687
104,29
20,-3,25,85
21,-43,65,148
24,1479
10D,7
10C,676
104,30
105,58
20,-10,35,76
21,155,189,-113
24,1479
10D,6
10C,668
104,34
20,-1,38,68
21,80,296,160
24,1489
10D,5
10C,675
104,34
20,-1,26,77
21,80,284,367
24,1479
10D,6
10C,686
104,36
105,58
20,-7,35,78
21,192,461,248
24,1469
10D,6
10C,695
104,36
20,-11,46,70
21,225,439,440
24,1484
10D,6
10C,791
104,46
20,-4,47,73
21,9,868,598
24,1483
10D,7
10C,927
104,62
105,58
20,3,40,57
21,672,945,525
24,1477
10D,8
10C,1283
104,70
20,2,47,54
21,-371,1140,1159
24,1485
10D,9
10C,1527
104,65
20,-10,43,54
21,8,1519,1325
24,1476
10D,10
10C,1538
104,61
105,58
20,-29,35,77
21,347,1509,2034
24,1476
10D,11
10C,1406
104,65
20,-13,67,85
21,248,1748,1822
24,1487
10D,12
10C,1461
104,63
20,-17,50,63
21,292,2090,1810
24,1477
10D,13
10C,1549
104,60
105,58
20,-24,60,43
21,-124,1804,2101
24,1476
10D,14
10C,1576
104,58
20,-6,38,79
21,-31,1638,2037
24,1474
10D,12
10C,1583
104,58
20,-7,42,69
21,39,1802,1586
24,1487
10D,15
10C,1582
104,58
105,58
20,-22,42,65
21,72,1381,1405
24,1468
10D,16
10C,1620
104,58
20,-12,48,57
21,-23,1181,1413
24,1470
10D,16
10C,1638
104,57
20,-8,48,59
21,-115,1015,960
24,1496
10D,17
10C,1669
104,58
105,59
20,-2,52,57
21,-118,598,733
24,1478
10D,18
10C,1723
104,57
20,-7,46,63
21,183,477,556
24,1483
10D,18
10C,1782
104,56
20,5,44,56
21,-94,420,504
24,1488
10D,19
10C,1820
104,56
105,59
20,3,50,57
21,-90,-301,354
24,1472
10D,17
10C,1873
104,58
20,13,51,64
21,12,-331,-203
24,1485
10D,20
10C,1910
104,56
20,10,48,57
21,147,-660,-280
24,1478
10D,21
10C,1951
104,56
105,59
20,15,50,50
21,-43,-475,-615
24,1488
10D,22
10C,1906
104,57
20,15,46,64
21,-20,-736,-792
24,1479
10D,23
10C,1973
104,55
20,19,44,60
21,-260,-373,-869
24,1479
10D,24
10C,1864
104,60
105,59
20,10,48,58
21,-74,-315,-733
24,1488
10D,24
10C,1670
104,64
20,17,36,78
21,-463,-183,-430
24,1487
10D,25
10C,1581
104,63
20,-4,45,51
21,165,-38,-454
24,1485
10D,22
10C,1458
104,69
105,59
20,-15,50,51
21,262,-93,-379
24,1479
10D,26
10C,1391
104,73
20,-28,57,89
21,-84,91,-556
24,1480
10D,27
10C,1389
104,74
20,-27,50,98
21,865,-299,463
24,1489
10D,28
10C,1397
104,71
105,59
20,-18,47,65
21,-9,54,-200
24,1489
10D,29
10C,1444
104,70
20,0,44,43
21,-392,241,45
24,1487
10D,29
10C,1474
104,69
20,-1,44,54
21,-128,159,0
24,1490
10D,30
10C,1507
104,67
105,59
20,1,41,59
21,-190,58,-26
24,1496
10D,31
10C,1541
104,66
20,4,47,54
21,-80,-242,84
24,1480
10D,32
10C,1578
104,65
20,-2,42,68
21,-111,-206,-111
24,1493
10D,28
10C,1604
104,63
105,59
20,4,43,77
21,123,-183,-252
24,1489
10D,33
10C,1649
104,63
20,-2,38,69
21,38,8,-207
24,1489
10D,34
10C,1677
104,63
20,0,41,73
21,129,-43,-179
24,1489
10D,35
10C,1705
104,63
105,59
20,-1,42,67
21,51,-117,-101
24,1487
10D,35
10C,1726
104,62
20,0,42,72
21,187,-90,-91
24,1484
10D,36
10C,1753
104,61
20,-3,47,67
21,64,-85,-69
24,1479
10D,37
10C,1780
104,61
105,59
20,2,46,68
21,30,-20,-94
24,1487
10D,38
10C,1815
104,58
20,0,41,70
21,6,41,-127
24,1486
10D,33
10C,1821
104,53
20,-9,41,59
21,29,28,22
24,1489
10D,39
10C,1843
104,46
105,59
20,-6,46,59
21,-41,31,-47
24,1469
10D,39
10C,1873
104,42
20,-4,41,72
21,29,40,-19
24,1494
10D,39
10C,1891
104,43
20,-14,44,72
21,98,-93,48
24,1496
10D,40
10C,1771
104,48
105,60
20,-4,42,68
21,-49,-20,-48
24,1488
10D,40
10C,1604
104,49
20,-16,49,65
21,77,28,133
24,1496
10D,40
10C,1515
104,50
20,-8,48,73
21,93,-91,163
24,1495
10D,40
10C,1406
104,56
105,60
20,-6,38,54
21,-336,152,72
24,1494
10D,41
10C,1342
104,63
20,-20,50,76
21,435,97,345
24,1501
10D,36
10C,1361
104,65
20,-7,51,81
21,34,25,-106
24,1498
10D,41
10C,1373
104,67
105,60
20,4,37,46
21,-192,92,-13
24,1498
10D,41
10C,1342
104,69
20,-13,53,65
21,-96,115,279
24,1492
10D,42
10C,1347
104,70
20,-14,40,71
21,314,-40,57
24,1495
10D,42
10C,1343
104,68
105,60
20,-2,39,65
21,167,64,-141
24,1495
10D,42
10C,1358
104,68
20,7,39,77
21,51,-99,-293
24,1489
10D,42
10C,1351
104,68
20,12,34,65
21,-206,-45,-348
24,1500
10D,43
10C,1356
104,70
105,60
20,-14,41,46
21,-68,-106,292
24,1495
10D,43
10C,1365
104,69
20,-8,44,56
21,0,-61,211
24,1487
10D,43
10C,1377
104,69
20,-1,45,85
21,370,-61,-90
24,1503
10D,43
10C,1382
104,67
105,60
20,-12,40,57
21,23,6,316
24,1501
10D,44
10C,1385
104,67
20,8,41,70
21,-261,99,-416
24,1495
10D,44
10C,1386
104,65
20,-12,47,65
21,23,64,215
24,1510
10D,44
10C,1339
104,54
105,60
20,2,34,71
21,-18,28,-141
24,1490
10D,44
10C,1324
104,38
20,-4,34,65
21,-151,-17,103
24,1500
10D,44
10C,1315
104,30
20,-7,27,64
21,-109,-18,-7
24,1497
10D,44
10C,1286
104,28
105,60
20,-6,45,64
21,-102,68,-61
24,1502
10D,43
10C,1287
104,27
20,-1,36,68
21,-4,59,-134
24,1489
10D,43
10C,1249
104,27
20,-4,41,69
21,-6,-12,-58
24,1492
10D,43
10C,927
104,29
105,60
20,-7,33,72
21,67,-43,5
24,1471
10D,42
10C,867
104,31
20,-7,29,77
21,113,-28,-75
24,1502
10D,42
10C,880
104,32
20,-7,37,75
21,68,9,-13
24,1502
10D,41
10C,875
104,34
105,60
20,-6,40,56
21,-261,-38,97
24,1498
10D,41
10C,865
104,34
20,-1,32,75
21,-69,-11,52
24,1492
10D,40
10C,888
104,32
20,-3,27,73
21,40,-38,-4
24,1498
10D,39
10C,1013
104,31
105,60
20,-6,29,65
21,-152,-115,22
24,1495
10D,38
10C,1150
104,30
20,0,35,68
21,-112,-266,-112
24,1495
10D,38
10C,1130
104,29
20,-3,31,71
21,244,-312,-65
24,1488
10D,37
10C,1120
104,29
105,61
20,2,33,74
21,74,-234,-244
24,1489
10D,37
10C,1101
104,27
20,0,34,66
21,-35,-279,-213
24,1485
10D,37
10C,1094
104,26
20,3,35,72
21,-168,-318,-274
24,1484
10D,36
10C,1067
104,24
105,61
20,5,29,72
21,7,-476,-406
24,1479
10D,35
10C,1040
104,23
20,12,31,69
21,-76,-543,-453
24,1497
10D,34
10C,1018
104,23
20,10,30,73
21,-210,-529,-325
24,1483
10D,30
10C,989
104,22
105,61
20,8,37,73
21,-196,-540,-339
24,1487
10D,32
10C,952
104,22
20,1,26,76
21,-53,-321,-627
24,1487
10D,31
10C,922
104,23
20,-9,31,81
21,157,-274,-328
24,1495
10D,30
10C,891
104,23
105,61
20,-1,26,75
21,-18,-90,-347
24,1478
10D,29
10C,858
104,24
20,-3,26,89
21,273,103,-43
24,1482
10D,28
10C,821
104,25
20,-17,26,87
21,188,464,120
24,1488
10D,27
10C,815
104,25
105,61
20,-26,24,81
21,-5,773,749
24,1491
10D,26
10C,781
104,25
20,-27,32,80
21,-49,886,1022
24,1484
10D,25
10C,769
104,28
20,-34,33,85
21,-14,983,1179
24,1477
10D,22
10C,761
104,28
105,61
20,-30,36,70
21,-505,1741,1238
24,1478
10D,24
10C,764
104,29
20,-41,32,65
21,-256,1805,1844
24,1487
10D,24
10C,759
104,29
20,-38,30,88
21,17,2112,1765
24,1495
10D,24
10C,755
104,29
105,61
20,-38,26,78
21,156,1836,1903
24,1485
10D,23
10C,757
104,30
20,-35,29,97
21,371,1766,1679
24,1485
10D,23
10C,765
104,32
20,-24,28,80
21,-8,1705,1927
24,1487
10D,23
10C,801
104,37
105,62
20,-28,36,68
21,-183,1620,1934
24,1482
10D,23
10C,933
104,45
20,-25,31,84
21,104,1637,1686
24,1487
10D,20
10C,1141
104,48
20,-13,33,70
21,-106,1277,1214
24,1486
10D,22
10C,1339
104,52
105,62
20,-4,45,62
21,3,745,831
24,1483
10D,23
10C,1438
104,56
20,-3,51,67
21,164,645,218
24,1485
10D,23
10C,1553
104,60
20,0,43,65
21,243,16,225
24,1484
10D,24
10C,1619
104,61
105,62
20,9,45,60
21,-528,-209,-116
24,1481
10D,24
10C,1693
104,61
20,3,50,50
21,-463,-74,-660
24,1482
10D,25
10C,1746
104,61
20,6,48,50
21,223,-376,-71
24,1485
10D,26
10C,1782
104,59
105,62
20,5,45,61
21,-90,-457,-686
24,1479
10D,23
10C,1772
104,58
20,18,44,72
21,-165,-752,-470
24,1492
10D,27
10C,1801
104,57
20,6,54,55
21,-9,-458,-471
24,1487
10D,28
10C,1835
104,56
105,62
20,7,43,72
21,378,-566,-519
24,1473
10D,28
10C,1848
104,55
20,3,45,75
21,166,-502,-498
24,1478
10D,29
10C,1849
104,54
20,13,41,63
21,-195,-221,-401
24,1495
10D,29
10C,1859
104,52
105,62
20,-11,39,72
21,-13,-169,-244
24,1486
10D,30
10C,1863
104,52
20,-10,39,66
21,161,-183,-225
24,1482
10D,30
10C,1867
104,52
20,-12,49,67
21,83,-53,-38
24,1487
10D,27
10C,1891
104,52
105,63
20,0,47,60
21,-211,-27,-186
24,1495
10D,31
10C,1980
104,75
20,-4,50,54
21,106,-57,-193
24,1486
10D,32
10C,2317
104,86
20,4,56,46
21,-212,40,-178
24,1487
10D,33
10C,2422
104,83
105,63
20,-14,61,44
21,-86,-69,57
24,1493
10D,35
10C,2273
104,67
20,-3,49,58
21,-230,-120,-38
24,1495
10D,36
10C,1905
104,70
20,5,48,63
21,19,-102,-122
24,1485
10D,37
10C,1903
104,63
105,63
20,-5,45,58
21,-129,-38,-55
24,1497
10D,38
10C,1844
104,49
20,-10,47,72
21,25,-74,-47
24,1491
10D,38
10C,1893
104,33
20,-13,46,77
21,232,41,115
24,1500
10D,33
10C,1792
104,25
105,63
20,-9,34,67
21,136,-46,205
24,1480
10D,38
10C,1751
104,16
20,-5,39,70
21,83,45,71
24,1464
10D,37
10C,1706
104,15
20,-8,35,70
21,-315,111,66
24,1502
10D,37
10C,1688
104,15
105,63
20,-10,37,77
21,204,81,205
24,1487
10D,37
10C,1303
104,17
20,0,39,78
21,49,28,120
24,1479
10D,36
10C,1044
104,22
20,-8,39,66
21,-24,4,140
24,1472
10D,36
10C,1080
104,23
105,63
20,-6,35,68
21,-205,98,-24
24,1493
10D,35
10C,1022
104,24
20,-5,30,69
21,-127,-12,69
24,1482
10D,34
10C,994
104,24
20,-5,27,67
21,-177,-61,105
24,1478
10D,33
10C,960
104,24
105,63
20,-3,27,71
21,-125,112,22
24,1484
10D,31
10C,920
104,23
20,-5,28,85
21,-38,270,101
24,1492
10D,30
10C,880
104,24
20,-10,33,80
21,-112,360,184
24,1484
10D,29
10C,862
104,25
105,64
20,-21,31,75
21,62,769,547
24,1478
10D,27
10C,823
104,25
20,-28,34,73
21,107,776,855
24,1476
10D,26
10C,802
104,27
20,-20,38,61
21,-337,923,1044
24,1495
10D,26
10C,793
104,27
105,64
20,-20,32,67
21,-331,1146,1370
24,1480
10D,25
10C,789
104,27
20,-30,29,86
21,225,1133,1449
24,1475
10D,22
10C,781
104,27
20,-19,25,92
21,-534,1382,1654
24,1493
10D,24
10C,792
104,27
105,64
20,-31,36,72
21,-71,1567,1615
24,1488
10D,24
10C,817
104,27
20,-36,42,57
21,-373,1902,1762
24,1476
10D,24
10C,835
104,25
20,-28,31,78
21,-60,1841,1746
24,1483
10D,24
10C,829
104,26
105,64
20,-25,55,98
21,205,2412,1216
24,1485
10D,23
10C,831
104,25
20,-33,4,87
21,1316,2276,1551
24,1484
10D,23
10C,821
104,24
20,-39,49,67
21,193,2028,2551
24,1492
10D,23
10C,805
104,24
105,64
20,-14,35,68
21,-1237,1631,1531
24,1493
10D,22
10C,776
104,25
20,-16,20,85
21,891,1390,1994
24,1485
10D,22
10C,772
104,26
20,-23,47,55
21,52,2593,1200
24,1484
10D,21
10C,771
104,25
105,64
20,-28,24,68
21,-286,1381,2029
24,1471
10D,20
10C,785
104,25
20,-23,37,62
21,-387,1988,1650
24,1476
10D,20
10C,821
104,25
20,-32,33,77
21,-263,1764,1657
24,1479
10D,19
10C,846
104,23
105,64
20,-19,36,81
21,47,1510,1763
24,1479
10D,19
10C,853
104,27
20,-21,25,67
21,120,1696,1438
24,1480
10D,19
10C,926
104,31
20,-28,40,59
21,-250,1519,1677
24,1483
10D,16
10C,985
104,32
105,65
20,-18,41,59
21,-382,1683,1595
24,1484
10D,18
10C,980
104,32
20,-22,36,59
21,-121,1538,1635
24,1478
10D,18
10C,955
104,30
20,-25,45,64
21,-211,1545,1640
24,1487
10D,18
10C,935
104,28
105,65
20,-12,30,80
21,-290,1522,1329
24,1469
10D,18
10C,898
104,33
20,-13,45,44
21,-238,1103,1348
24,1483
10D,18
10C,1003
104,37
20,-13,46,61
21,-121,1028,859
24,1473
10D,18
10C,1093
104,41
105,65
20,-13,44,41
21,-376,885,875
24,1476
10D,18
10C,1136
104,43
20,-13,37,70
21,-236,1017,741
24,1482
10D,16
10C,1144
104,43
20,-9,42,76
21,-104,678,840
24,1479
10D,18
10C,1160
104,43
105,65
20,-7,38,64
21,-261,557,700
24,1479
10D,19
10C,1190
104,44
20,11,38,86
21,25,453,257
24,1481
10D,19
10C,1216
104,43
20,-3,36,89
21,116,448,362
24,1482
10D,19
10C,1241
104,43
105,65
20,-6,49,57
21,230,402,318
24,1483
10D,20
10C,1273
104,42
20,3,51,69
21,-357,561,95
24,1483
10D,20
10C,1292
104,42
20,0,27,63
21,-8,273,312
24,1480
10D,20
10C,1305
104,42
105,65
20,-9,32,61
21,-148,417,202
24,1488
10D,20
10C,1316
104,41
20,-8,42,58
21,-247,183,290
24,1481
10D,18
10C,1333
104,41
20,-2,34,64
21,443,-47,184
24,1489
10D,21
10C,1313
104,36
105,65
20,-1,39,73
21,-74,113,78
24,1486
10D,21
10C,1250
104,34
20,-5,35,69
21,30,99,156
24,1481
10D,22
10C,1232
104,34
20,6,42,61
21,27,-38,57
24,1489
10D,22
10C,1238
104,35
105,65
20,3,35,38
21,-7,126,101
24,1483
10D,22
10C,1256
104,34
20,3,22,57
21,-415,73,-205
24,1479
10D,22
10C,1261
104,34
20,-4,47,49
21,-373,144,-27
24,1484
10D,22
10C,1268
104,34
105,66
20,6,43,61
21,-189,175,11
24,1483
10D,23
10C,1273
104,34
20,-1,21,78
21,251,38,-341
24,1491
10D,23
10C,1274
104,33
20,11,35,85
21,96,-1,-241
24,1486
10D,23
10C,1273
104,33
105,66
20,-25,46,67
21,155,-43,85
24,1486
10D,23
10C,1282
104,32
20,-6,57,78
21,80,-13,-195
24,1481
10D,23
10C,1280
104,31
20,-16,25,80
21,173,-130,210
24,1480
10D,23
10C,1261
104,28
105,66
20,-3,19,57
21,47,-119,403
24,1489
10D,24
10C,1234
104,28
20,5,25,77
21,-202,27,-131
24,1480
10D,24
10C,1223
104,28
20,1,43,70
21,394,-10,-183
24,1484
10D,24
10C,1237
104,29
105,66
20,14,42,71
21,213,74,-63
24,1486
10D,24
10C,1246
104,29
20,11,35,58
21,-423,54,45
24,1484
10D,24
10C,1228
104,26
20,-5,39,103
21,-360,87,206
24,1478
10D,24
10C,1175
104,21
105,66
20,7,38,69
21,-44,24,6
24,1482
10D,24
10C,1111
104,20
20,-3,34,69
21,-301,81,28
24,1481
10D,24
10C,1066
104,21
20,1,32,67
21,66,93,-298
24,1481
10D,23
10C,1072
104,21
105,66
20,8,43,62
21,12,3,109
24,1482
10D,23
10C,1079
104,21
20,-2,32,84
21,-206,31,-103
24,1481
10D,23
10C,1060
104,20
20,-3,22,70
21,-136,-30,-16
24,1476
10D,23
10C,1041
104,20
105,66
20,-6,27,100
21,36,9,64
24,1487
10D,23
10C,1010
104,21
20,8,29,92
21,278,93,-298
24,1489
10D,22
10C,966
104,21
20,15,30,92
21,-173,221,62
24,1480
10D,21
10C,910
104,21
105,67
20,-12,29,78
21,-9,252,196
24,1479
10D,20
10C,858
104,22
20,2,32,85
21,-247,276,295
24,1477
10D,19
10C,822
104,23
20,-10,42,53
21,149,258,234
24,1469
10D,18
10C,791
104,24
105,67
20,-9,41,80
21,99,240,418
24,1476
10D,17
10C,784
104,24
20,-1,41,65
21,-7,457,135
24,1463
10D,17
10C,731
104,25
20,2,24,88
21,27,350,375
24,1479
10D,14
10C,727
104,26
105,67
20,-3,30,81
21,102,231,273
24,1477
10D,16
10C,711
104,26
20,-18,36,74
21,-108,366,179
24,1471
10D,15
10C,716
104,26
20,-5,27,70
21,-186,180,290
24,1472
10D,15
10C,696
104,27
105,67
20,16,42,80
21,-202,-434,-188
24,1481
10D,14
10C,673
104,27
20,26,21,74
21,-94,-759,-880
24,1480
10D,13
10C,666
104,31
20,13,22,97
21,-32,-1142,-1245
24,1479
10D,12
10C,653
104,32
105,67
20,13,32,72
21,-105,-1425,-1441
24,1467
10D,11
10C,646
104,34
20,9,41,56
21,282,-1723,-1608
24,1480
10D,11
10C,674
104,33
20,13,35,77
21,-312,-1742,-1545
24,1482
10D,9
10C,696
104,33
105,67
20,8,29,71
21,-123,-1938,-1927
24,1470
10D,10
10C,697
104,30
20,10,28,92
21,-404,-1952,-1583
24,1479
10D,10
10C,703
104,30
20,12,36,71
21,126,-1650,-1645
24,1483
10D,10
10C,699
104,30
105,67
20,7,30,72
21,-130,-1593,-1429
24,1479
10D,10
10C,690
104,29
20,12,32,72
21,-248,-1622,-1253
24,1476
10D,9
10C,697
104,28
20,14,35,77
21,-135,-1634,-1367
24,1487
10D,9
10C,689
104,27
105,67
20,9,37,68
21,-17,-1789,-1405
24,1485
10D,9
10C,680
104,27
20,22,30,74
21,173,-2198,-1213
24,1479
10D,8
10C,680
104,27
20,17,39,78
21,-20,-1603,-1670
24,1477
10D,8
10C,684
104,29
105,67
20,4,33,67
21,469,-1586,-1718
24,1488
10D,7
10C,697
104,32
20,8,42,66
21,418,-1630,-1428
24,1475
10D,7
10C,689
104,32
20,4,40,79
21,356,-1390,-1603
24,1482
10D,7
10C,668
104,32
105,68
20,5,37,78
21,45,-1712,-839
24,1473
10D,6
10C,648
104,33
20,3,35,74
21,-180,-535,-1287
24,1466
10D,5
10C,595
104,34
20,-7,37,64
21,138,-682,-868
24,1480
10D,4
10C,634
104,38
105,68
20,1,41,70
21,7,-564,-357
24,1490
10D,4
10C,674
104,39
20,0,39,71
21,50,-300,-325
24,1475
10D,3
10C,671
104,38
20,0,39,68
21,-96,-177,-151
24,1480
10D,3
10C,658
104,38
105,68
20,-2,41,68
21,-67,-41,-164
24,1479
10D,2
10C,658
104,38
20,-5,41,69
21,17,-66,-52
24,1468
10D,0
10C,646
104,37
20,0,40,71
21,82,-56,-67
24,1468
10D,0
10C,643
104,38
105,68
20,-1,37,70
21,-18,-28,-36
24,1474
10D,0
10C,648
104,39
20,1,48,59
21,93,-19,12
24,1481
10D,0
10C,660
104,39
20,-1,44,60
21,-55,25,-25
24,1482
10D,0
10C,654
104,38
105,68
20,-1,46,56
21,-82,3,57
24,1490
10D,0
10C,657
104,40
20,-1,45,63
21,65,-4,6
24,1470
10D,0
10C,675
104,38
20,4,44,63
21,32,5,-48
24,1468
10D,0
10C,680
104,37
105,68
20,1,45,67
21,143,-48,17
24,1477
10D,0
10C,720
104,34
20,-5,45,62
21,-96,5,74
24,1478
10D,0
10C,763
104,33
20,0,44,64
21,195,-28,-56
24,1475
10D,0
10C,773
104,31
105,68
20,0,46,62
21,-9,32,-12
24,1477
10D,0
10C,788
104,30
20,14,39,53
21,-403,131,-343
24,1473
10D,0
10C,782
104,30
20,0,46,60
21,-80,-4,25
24,1471
10D,0
10C,783
104,30
105,68
20,0,46,59
21,-11,-2,-17
24,1481
10D,0
10C,784
104,29
20,1,45,62
21,-6,3,-14
24,1483
10D,0
10C,779
104,29
20,-2,45,57
21,-41,16,-3
24,1488
10D,0
10C,783
104,29
105,68
20,0,46,61
21,48,13,-25
24,1480
10D,0
10C,782
104,30
20,0,44,64
21,45,-12,-19
24,1471
10D,0
10C,779
104,28
20,1,45,61
21,-24,15,3
24,1466
10D,0
10C,775
20,-1,45,62
21,12,-4,5
24,1485
20,0,45,62
21,-7,0,11
24,1459
20,0,45,61
21,-7,-15,27
24,1484
